{"cameraMode":{"drawMode":0,"name":"Shaded","section":"Shading Mode"},"sceneLighting":false,"audioPlay":false,"sceneViewState":{"showFog":true,"showMaterialUpdate":false,"showSkybox":false,"showFlares":true,"showImageEffects":true,"showParticleSystems":true},"in2DMode":false,"pivot":{"x":0.0,"y":0.8300000429153442,"z":-3.609999895095825},"rotation":{"x":-0.016421645879745485,"y":0.08480200916528702,"z":0.0016343793831765652,"w":0.9963873624801636},"size":1.0271317958831788,"orthographic":false}