{"cameraMode":{"drawMode":0,"name":"Shaded","section":"Shading Mode"},"sceneLighting":false,"audioPlay":false,"sceneViewState":{"showFog":true,"showMaterialUpdate":false,"showSkybox":false,"showFlares":true,"showImageEffects":true,"showParticleSystems":true},"in2DMode":false,"pivot":{"x":-5.339317798614502,"y":0.5135612487792969,"z":0.01656627655029297},"rotation":{"x":0.024414870887994767,"y":-0.28825533390045168,"z":0.007350456900894642,"w":0.9572240710258484},"size":1.9908064603805543,"orthographic":false}