{"cameraMode":{"drawMode":0,"name":"Shaded","section":"Shading Mode"},"sceneLighting":true,"audioPlay":false,"sceneViewState":{"showFog":true,"showMaterialUpdate":false,"showSkybox":true,"showFlares":true,"showImageEffects":true,"showParticleSystems":true},"in2DMode":false,"pivot":{"x":-0.16170944273471833,"y":1.9641187191009522,"z":-0.49286139011383059},"rotation":{"x":0.27819254994392397,"y":-0.5874330401420593,"z":0.22514939308166505,"w":0.7258521914482117},"size":13.641938209533692,"orthographic":false}