{"cameraMode":{"drawMode":0,"name":"Shaded","section":"Shading Mode"},"sceneLighting":true,"audioPlay":false,"sceneViewState":{"showFog":true,"showMaterialUpdate":false,"showSkybox":true,"showFlares":true,"showImageEffects":true,"showParticleSystems":true},"in2DMode":false,"pivot":{"x":-2.8996078968048097,"y":0.0,"z":-0.1218552365899086},"rotation":{"x":0.11260624974966049,"y":-0.7065944075584412,"z":0.1154799684882164,"w":0.6890075206756592},"size":6.003495693206787,"orthographic":false}