{"cameraMode":{"drawMode":0,"name":"Shaded","section":"Shading Mode"},"sceneLighting":true,"audioPlay":false,"sceneViewState":{"showFog":true,"showMaterialUpdate":false,"showSkybox":true,"showFlares":true,"showImageEffects":true,"showParticleSystems":true},"in2DMode":false,"pivot":{"x":-1.6548765897750855,"y":0.6205257177352905,"z":0.19385358691215516},"rotation":{"x":-0.21768522262573243,"y":0.1834881752729416,"z":-0.04170653223991394,"w":-0.9577116370201111},"size":10.641639709472657,"orthographic":false}