{"cameraMode":{"drawMode":0,"name":"Shaded","section":"Shading Mode"},"sceneLighting":false,"audioPlay":false,"sceneViewState":{"showFog":true,"showMaterialUpdate":false,"showSkybox":false,"showFlares":true,"showImageEffects":true,"showParticleSystems":true},"in2DMode":false,"pivot":{"x":0.06599104404449463,"y":1.3599998950958253,"z":6.510000228881836},"rotation":{"x":0.08123674988746643,"y":-0.5648736357688904,"z":0.05632215738296509,"w":0.8193888068199158},"size":1.0271316766738892,"orthographic":false}